building,number,num_occupants_2025,floor_bathrooms,multi_room,srd,internal_bathroom,kitchen,available,ca
CLARK,5011,2,4,f,f,f,f,t,f
CLARK,5012,1,4,f,f,f,f,t,f
CLARK,5013,1,4,f,f,f,f,t,f
CLARK,5014,1,4,f,f,f,f,t,f
CLARK,5015,1,4,f,f,f,f,t,f
CLARK,5016,1,4,f,f,f,f,t,f
CLARK,5017,1,4,f,f,f,f,t,f
CLARK,5018,1,4,f,f,f,f,t,f
CLARK,5019,1,4,f,f,f,f,t,t
CLARK,5020,2,4,f,f,f,f,t,f
CLARK,5021,2,4,f,f,f,f,f,f
CLARK,5022,2,4,f,f,f,f,t,f
CLARK,5023,1,4,f,f,f,f,t,f
CLARK,5024,1,4,f,f,f,f,t,f
CLARK,5109,4,2,t,t,t,t,t,f
CLARK,5110,2,2,f,f,f,f,t,f
CLARK,5111,2,2,f,f,f,f,t,f
CLARK,5112,1,2,f,f,f,f,t,f
CLARK,5113,1,2,f,f,f,f,t,f
CLARK,5114,1,2,f,f,f,f,t,f
CLARK,5210,1,2,f,f,f,f,t,f
CLARK,5211,1,2,f,f,f,f,t,f
CLARK,5212,1,2,f,f,f,f,t,f
CLARK,5213,2,2,f,f,f,f,t,f
CLARK,5214,2,2,f,f,f,f,t,f
CLARK,5215,3,2,t,f,f,f,t,f
CLARK,5216,1,2,f,f,f,f,t,f
CLARK,5217,1,2,f,f,f,f,t,t
CLARK,5218,3,2,t,f,f,f,t,f
CLARK,5219,1,2,f,f,f,f,t,f
CLARK,5220,2,2,f,f,f,f,t,f
CLARK,5310,1,2,f,f,f,f,t,f
CLARK,5311,1,2,f,f,f,f,t,f
CLARK,5312,2,2,t,f,f,f,t,f
CLARK,5313,3,2,t,f,f,f,t,f
CLARK,5314,1,2,f,f,f,f,t,t
CLARK,5315,2,2,f,f,f,f,t,f
CLARK,5316,2,2,f,f,f,f,t,f
CLARK,5317,2,2,f,f,f,f,t,f
CLARK,5318,2,2,f,f,f,f,t,f
RATHJE,4130,2,2,f,f,f,f,t,f
RATHJE,4131,2,2,f,f,f,f,t,f
RATHJE,4133,1,2,f,f,f,f,t,f
RATHJE,4135,2,2,f,f,f,f,t,f
RATHJE,4139,1,2,f,f,f,f,t,f
RATHJE,4141,1,2,f,f,f,f,t,f
RATHJE,4142,2,2,f,f,f,f,t,f
RATHJE,4143,1,2,f,f,f,f,t,f
RATHJE,4144,2,2,f,f,f,f,t,f
RATHJE,4145,1,2,f,f,f,f,t,t
RATHJE,4146,2,2,f,f,f,f,t,f
RATHJE,4147,1,2,f,f,f,f,t,f
RATHJE,4148,2,2,f,f,f,f,t,f
RATHJE,4150,2,2,f,f,f,f,t,f
RATHJE,4230,2,2,f,f,f,f,t,f
RATHJE,4231,2,2,f,f,f,f,t,f
RATHJE,4233,1,2,f,f,f,f,t,f
RATHJE,4235,2,2,f,f,f,f,t,f
RATHJE,4237,2,2,f,f,f,f,t,f
RATHJE,4239,1,2,f,f,f,f,t,f
RATHJE,4240,2,2,f,f,f,f,t,f
RATHJE,4241,1,2,f,f,f,f,t,f
RATHJE,4242,2,2,f,f,f,f,t,f
RATHJE,4243,1,2,f,f,f,f,t,f
RATHJE,4244,2,2,f,f,f,f,t,f
RATHJE,4245,1,2,f,f,f,f,t,t
RATHJE,4246,2,2,f,f,f,f,t,f
RATHJE,4247,1,2,f,f,f,f,t,f
RATHJE,4248,2,2,f,f,f,f,t,f
RATHJE,4250,2,2,f,f,f,f,t,f
RATHJE,4330,3,2,f,f,f,f,t,f
RATHJE,4331,2,2,f,f,f,f,t,f
RATHJE,4340,3,2,f,f,f,f,t,f
RATHJE,4341,1,2,f,f,f,f,t,f
RATHJE,4342,3,2,f,f,f,f,t,f
RATHJE,4343,1,2,f,f,f,f,t,f
RATHJE,4344,3,2,f,f,f,f,t,f
RATHJE,4345,1,2,f,f,f,f,t,t
RATHJE,4346,3,2,f,f,f,f,t,f
RATHJE,4347,1,2,f,f,f,f,t,f
RATHJE,4348,3,2,f,f,f,f,t,f
RATHJE,4349,2,2,f,f,f,f,t,f
RATHJE,4350,3,2,f,f,f,f,t,f
RATHJE,4351,1,2,f,f,f,f,t,f
MAIN,1210,2,2,f,f,f,f,t,f
MAIN,1211,2,2,f,f,f,f,t,f
MAIN,1212,2,2,f,f,f,f,t,f
MAIN,1213,2,2,f,f,f,f,t,f
MAIN,1214,2,2,f,f,f,f,t,f
MAIN,1215,1,2,f,f,f,f,t,f
MAIN,1216,1,2,f,f,f,f,t,f
MAIN,1217,2,2,f,f,f,f,t,f
MAIN,1218,1,2,f,f,f,f,t,t
MAIN,1219,1,2,f,f,f,f,t,f
MAIN,1220,1,2,f,f,f,f,t,f
MAIN,1221,2,2,f,f,f,f,t,f
MAIN,1222,2,2,f,f,f,f,t,f
MAIN,1310,2,2,f,f,f,f,t,f
MAIN,1311,2,2,f,f,f,f,t,f
MAIN,1312,2,2,f,f,f,f,t,f
MAIN,1313,2,2,f,f,f,f,t,f
MAIN,1314,2,2,f,f,f,f,t,f
MAIN,1315,1,2,f,f,f,f,t,f
MAIN,1316,1,2,f,f,f,f,t,f
MAIN,1317,2,2,f,f,f,f,t,f
MAIN,1318,1,2,f,f,f,f,t,t
MAIN,1319,1,2,f,f,f,f,t,f
MAIN,1320,1,2,f,f,f,f,t,f
MAIN,1321,2,2,f,f,f,f,t,f
MAIN,1322,2,2,f,f,f,f,t,f
MAIN,1410,2,2,f,f,f,f,t,f
MAIN,1411,2,2,f,f,f,f,t,f
MAIN,1412,3,2,t,f,f,f,t,f
MAIN,1413,2,2,f,f,f,f,t,f
MAIN,1414,2,2,f,f,f,f,t,f
MAIN,1415,1,2,f,f,f,f,t,t
MAIN,1416,2,2,f,f,f,f,t,f
MAIN,1417,2,2,f,f,f,f,t,f
ROSE,3131,2,2,f,f,f,f,t,f
ROSE,3133,1,2,f,f,f,f,t,f
ROSE,3135,2,2,f,f,f,f,t,f
ROSE,3139,1,2,f,f,f,f,t,f
ROSE,3141,1,2,f,f,f,f,t,f
ROSE,3142,2,2,f,f,f,f,t,f
ROSE,3143,1,2,f,f,f,f,t,t
ROSE,3144,2,2,f,f,f,f,t,f
ROSE,3146,2,2,f,f,f,f,t,f
ROSE,3147,2,2,f,f,f,f,t,f
ROSE,3148,2,2,f,f,f,f,t,f
ROSE,3150,2,2,f,f,f,f,t,f
ROSE,3230,2,2,f,f,f,f,t,f
ROSE,3231,2,2,f,f,f,f,t,f
ROSE,3233,1,2,f,f,f,f,t,f
ROSE,3235,2,2,f,f,f,f,t,f
ROSE,3237,2,2,f,f,f,f,t,f
ROSE,3239,1,2,f,f,f,f,t,f
ROSE,3240,2,2,f,f,f,f,t,f
ROSE,3241,1,2,f,f,f,f,t,f
ROSE,3242,2,2,f,f,f,f,t,f
ROSE,3243,1,2,f,f,f,f,t,t
ROSE,3244,2,2,f,f,f,f,t,f
ROSE,3246,2,2,f,f,f,f,t,f
ROSE,3247,2,2,f,f,f,f,t,f
ROSE,3248,2,2,f,f,f,f,t,f
ROSE,3250,2,2,f,f,f,f,t,f
ROSE,3330,3,2,f,f,f,f,t,f
ROSE,3331,2,2,f,f,f,f,t,f
ROSE,3340,3,2,f,f,f,f,t,f
ROSE,3341,1,2,f,f,f,f,t,f
ROSE,3342,3,2,f,f,f,f,t,f
ROSE,3343,1,2,f,f,f,f,t,t
ROSE,3344,3,2,f,f,f,f,t,f
ROSE,3346,3,2,f,f,f,f,t,f
ROSE,3347,2,2,f,f,f,f,t,f
ROSE,3348,3,2,f,f,f,f,t,f
ROSE,3349,2,2,f,f,f,f,t,f
ROSE,3350,3,2,f,f,f,f,t,f
ROSE,3351,1,2,f,f,f,f,t,f
KERSHAW,2130,2,2,f,f,f,f,t,f
KERSHAW,2131,1,2,f,f,f,f,t,f
KERSHAW,2133,2,2,f,f,f,f,t,f
KERSHAW,2135,2,2,f,f,f,f,t,f
KERSHAW,2139,1,2,f,f,f,f,t,f
KERSHAW,2141,1,2,f,f,f,f,t,f
KERSHAW,2142,2,2,f,f,f,f,t,f
KERSHAW,2143,1,2,f,f,f,f,t,f
KERSHAW,2144,2,2,f,f,f,f,t,f
KERSHAW,2145,1,2,f,f,f,f,t,t
KERSHAW,2146,2,2,f,f,f,f,t,f
KERSHAW,2147,1,2,f,f,f,f,t,f
KERSHAW,2148,2,2,f,f,f,f,t,f
KERSHAW,2230,2,2,f,f,f,f,t,f
KERSHAW,2231,2,2,f,f,f,f,t,f
KERSHAW,2233,1,2,f,f,f,f,t,f
KERSHAW,2235,2,2,f,f,f,f,t,f
KERSHAW,2237,2,2,f,f,f,f,t,f
KERSHAW,2239,1,2,f,f,f,f,t,f
KERSHAW,2240,2,2,f,f,f,f,t,f
KERSHAW,2241,1,2,f,f,f,f,t,f
KERSHAW,2242,2,2,f,f,f,f,t,f
KERSHAW,2243,1,2,f,f,f,f,t,f
KERSHAW,2244,2,2,f,f,f,f,t,f
KERSHAW,2245,1,2,f,f,f,f,t,t
KERSHAW,2246,2,2,f,f,f,f,t,f
KERSHAW,2247,1,2,f,f,f,f,t,f
KERSHAW,2248,2,2,f,f,f,f,t,f
KERSHAW,2250,2,2,f,f,f,f,t,f
KERSHAW,2330,2,2,f,f,f,f,t,f
KERSHAW,2331,2,2,f,f,f,f,t,f
KERSHAW,2340,3,2,f,f,f,f,t,f
KERSHAW,2341,1,2,f,f,f,f,t,f
KERSHAW,2342,3,2,f,f,f,f,t,f
KERSHAW,2343,1,2,f,f,f,f,t,f
KERSHAW,2344,3,2,f,f,f,f,t,f
KERSHAW,2345,1,2,f,f,f,f,t,t
KERSHAW,2346,3,2,f,f,f,f,t,f
KERSHAW,2347,1,2,f,f,f,f,t,f
KERSHAW,2348,3,2,f,f,f,f,t,f
KERSHAW,2349,2,2,f,f,f,f,t,f
KERSHAW,2350,3,2,f,f,f,f,t,f
KERSHAW,2351,1,2,f,f,f,f,t,f
LAZIER,1132,3,1,t,t,t,t,t,f
LAZIER,1134,1,1,f,f,f,f,t,f
LAZIER,1139,4,1,t,t,t,t,t,f
LAZIER,1144,2,1,f,f,f,f,t,f
LAZIER,1230,3,2,f,f,f,f,t,f
LAZIER,1232,1,2,f,f,f,f,t,f
LAZIER,1234,3,2,f,f,f,f,t,f
LAZIER,1237,2,2,f,f,f,f,t,f
LAZIER,1239,2,2,f,f,f,f,t,f
LAZIER,1241,1,2,f,f,f,f,t,t
LAZIER,1243,2,2,f,f,f,f,t,f
LAZIER,1244,2,2,f,f,f,f,t,f
LAZIER,1245,2,2,f,f,f,f,t,f
LAZIER,1330,3,2,f,f,f,f,t,f
LAZIER,1332,1,2,f,f,f,f,t,f
LAZIER,1334,3,2,f,f,f,f,t,f
LAZIER,1337,2,2,f,f,f,f,t,f
LAZIER,1339,2,2,f,f,f,f,t,f
LAZIER,1341,1,2,f,f,f,f,t,t
LAZIER,1343,2,2,f,f,f,f,t,f
LAZIER,1344,2,2,f,f,f,f,t,f
LAZIER,1345,2,2,f,f,f,f,t,f
LAZIER,1430,2,2,f,f,f,f,t,f
LAZIER,1432,1,2,f,f,f,f,t,f
LAZIER,1434,3,2,f,f,f,f,t,f
LAZIER,1437,2,2,f,f,f,f,t,f
LAZIER,1439,1,2,f,f,f,f,t,f
LAZIER,1441,1,2,f,f,f,f,t,t
LAZIER,1443,2,2,f,f,f,f,t,f
LAZIER,1444,2,2,f,f,f,f,t,f
LAZIER,1445,2,2,f,f,f,f,t,f
CLEVELAND,2011,2,2,f,f,f,f,t,f
CLEVELAND,2012,2,2,f,f,f,f,t,f
CLEVELAND,2013,2,2,f,f,f,f,t,f
CLEVELAND,2014,2,2,f,f,f,f,t,f
CLEVELAND,2015,2,2,f,f,f,f,t,f
CLEVELAND,2110,3,2,t,t,t,t,t,f
CLEVELAND,2111,2,2,f,f,f,f,t,f
CLEVELAND,2112,2,2,f,f,f,f,t,f
CLEVELAND,2113,1,2,f,f,f,f,t,t
CLEVELAND,2114,1,2,f,f,f,f,t,f
CLEVELAND,2115,1,2,f,f,f,f,t,f
CLEVELAND,2116,2,2,f,f,f,f,t,f
CLEVELAND,2117,2,2,f,f,f,f,t,f
CLEVELAND,2210,1,2,f,f,f,f,t,f
CLEVELAND,2211,1,2,f,f,f,f,t,f
CLEVELAND,2212,1,2,f,f,f,f,t,f
CLEVELAND,2213,2,2,f,f,f,f,t,f
CLEVELAND,2214,2,2,f,f,f,f,t,f
CLEVELAND,2215,1,2,f,f,f,f,t,t
CLEVELAND,2216,1,2,f,f,f,f,t,f
CLEVELAND,2217,1,2,f,f,f,f,t,f
CLEVELAND,2218,2,2,f,f,f,f,t,f
CLEVELAND,2219,2,2,f,f,f,f,t,f
CLEVELAND,2220,2,2,f,f,f,f,t,f
CLEVELAND,2221,1,2,f,f,f,f,t,f
CLEVELAND,2222,1,2,f,f,f,f,t,f
CLEVELAND,2223,1,2,f,f,f,f,t,f
CLEVELAND,2310,2,2,f,f,f,f,t,f
CLEVELAND,2311,2,2,f,f,f,f,t,f
CLEVELAND,2312,2,2,f,f,f,f,t,f
CLEVELAND,2313,1,2,f,f,f,f,t,t
CLEVELAND,2314,1,2,f,f,f,f,t,f
CLEVELAND,2315,2,2,f,f,f,f,t,f
CLEVELAND,2316,2,2,f,f,f,f,t,f
CLEVELAND,2317,1,2,f,f,f,f,t,f
CLEVELAND,2318,1,2,f,f,f,f,t,f
COWLES,7101,3,1,f,f,f,f,t,f
COWLES,7102,3,1,f,f,f,f,t,f
COWLES,7103,4,1,f,f,t,f,t,f
COWLES,7104,3,1,f,f,f,f,t,f
COWLES,7105,4,1,f,f,t,f,t,f
COWLES,7106,3,1,f,f,f,f,t,f
COWLES,7108,4,1,f,t,t,t,t,f
COWLES,7109,3,1,t,t,t,t,t,f
COWLES,7110,5,1,t,t,t,t,t,f
COWLES,7111,6,1,t,t,t,t,t,f
COWLES,7112,7,1,t,t,t,t,t,f
COWLES,7113,6,1,t,t,t,t,t,f
COWLES,7114,7,1,t,t,t,t,t,f
COWLES,7210,4,2,t,f,t,f,t,f
COWLES,7211,2,2,f,f,f,f,t,f
COWLES,7212,1,2,f,f,f,f,t,t
COWLES,7213,1,2,f,f,f,f,t,f
COWLES,7214,2,2,f,f,f,f,t,f
COWLES,7215,2,2,t,f,f,f,t,f
COWLES,7216,4,2,t,f,t,f,t,f
COWLES,7217,2,2,f,f,f,f,t,f
COWLES,7218,1,2,f,f,f,f,t,t
COWLES,7219,2,2,f,f,f,f,t,f
COWLES,7310,4,2,t,f,t,f,t,f
COWLES,7311,1,2,f,f,f,f,t,f
COWLES,7312,1,2,f,f,f,f,t,f
COWLES,7313,1,2,f,f,f,f,t,f
COWLES,7314,1,2,f,f,f,f,t,f
COWLES,7315,2,2,f,f,f,f,t,f
COWLES,7316,1,2,f,f,f,f,t,f
COWLES,7317,1,2,f,f,f,f,t,t
COWLES,7318,2,2,f,f,f,f,t,f
COWLES,7319,2,2,t,f,f,f,t,f
COWLES,7320,4,2,t,f,t,f,t,f
COWLES,7321,1,2,f,f,f,f,t,t
COWLES,7322,2,2,f,f,f,f,t,f
COWLES,7323,2,2,f,f,f,f,t,f
DIBBLE,6109,2,1,t,f,t,f,t,f
DIBBLE,6110,3,1,f,f,f,f,t,f
DIBBLE,6111,3,1,f,f,f,f,t,f
DIBBLE,6112,2,1,f,f,f,f,t,f
DIBBLE,6113,2,1,f,f,f,f,t,f
DIBBLE,6210,1,2,f,f,f,f,t,f
DIBBLE,6211,1,2,f,f,f,f,t,f
DIBBLE,6212,1,2,f,f,f,f,t,f
DIBBLE,6213,3,2,t,f,f,f,t,f
DIBBLE,6214,3,2,f,f,f,f,t,f
DIBBLE,6215,1,2,f,f,f,f,t,f
DIBBLE,6216,1,2,f,f,f,f,t,f
DIBBLE,6217,1,2,f,f,f,f,t,t
DIBBLE,6218,1,2,f,f,f,f,t,f
DIBBLE,6219,3,2,t,f,f,f,t,f
DIBBLE,6220,1,2,t,f,f,f,t,f
DIBBLE,6221,1,2,f,f,f,f,t,f
DIBBLE,6310,2,2,f,f,f,f,t,f
DIBBLE,6311,3,2,t,f,f,f,t,f
DIBBLE,6312,1,2,f,f,f,f,t,f
DIBBLE,6313,1,2,f,f,f,f,t,f
DIBBLE,6314,1,2,f,f,f,f,t,f
DIBBLE,6315,1,2,f,f,f,f,t,f
DIBBLE,6316,3,2,t,f,f,f,t,f
DIBBLE,6317,1,2,f,f,f,f,t,t
GATES,4010,1,1,f,f,f,f,t,f
GATES,4011,1,1,f,f,f,f,t,f
GATES,4012,1,1,f,f,f,f,t,f
GATES,4013,2,1,f,f,f,f,t,f
GATES,4014,3,1,f,f,f,f,t,f
GATES,4110,1,1,f,f,f,f,t,f
GATES,4111,1,1,f,f,f,f,t,t
GATES,4112,3,1,t,t,t,t,t,f
GATES,4210,2,1,f,f,f,f,t,f
GATES,4211,1,1,f,f,f,f,t,f
GATES,4212,1,1,f,f,f,f,t,f
GATES,4213,3,1,t,f,f,f,t,f
GATES,4214,3,1,t,f,f,f,t,f
GATES,4215,1,1,f,f,f,f,t,f
GATES,4216,1,1,f,f,f,f,t,f
GATES,4217,1,1,f,f,f,f,t,f
GATES,4310,1,1,f,f,f,f,t,f
GATES,4311,1,1,f,f,f,f,t,t
GATES,4312,3,1,f,f,f,f,t,f
GATES,4313,3,1,f,f,f,f,t,f
GATES,4314,1,1,f,f,f,f,t,f
GATES,4315,1,1,f,f,f,f,t,f
GATES,4316,3,1,t,f,f,f,t,f
GATES,4410,5,1,t,t,f,f,t,f
HAINES,4011,2,2,f,f,f,f,t,f
HAINES,4012,2,2,f,f,f,f,t,f
HAINES,4013,2,2,f,f,f,f,t,f
HAINES,4015,2,2,f,f,f,f,t,f
HAINES,4016,2,2,f,f,f,f,t,f
HAINES,4017,1,2,f,f,f,f,t,f
HAINES,4109,4,2,t,t,t,t,t,f
HAINES,4110,2,2,f,f,f,f,t,f
HAINES,4111,1,2,f,f,f,f,t,f
HAINES,4112,1,2,f,f,f,f,t,f
HAINES,4113,1,2,f,f,f,f,t,f
HAINES,4114,1,2,f,f,f,f,t,t
HAINES,4115,3,2,f,f,f,f,t,f
HAINES,4116,3,2,t,f,f,f,t,f
HAINES,4117,2,2,f,f,f,f,t,f
HAINES,4210,1,2,f,f,f,f,t,f
HAINES,4211,1,2,f,f,f,f,t,f
HAINES,4212,3,2,t,f,f,f,t,f
HAINES,4213,3,2,t,f,f,f,t,f
HAINES,4214,2,2,f,f,f,f,t,f
HAINES,4215,1,2,f,f,f,f,t,f
HAINES,4216,1,2,f,f,f,f,t,f
HAINES,4217,3,2,t,f,f,f,t,f
HAINES,4218,3,2,t,f,f,f,t,f
HAINES,4219,1,2,f,f,f,f,t,f
HAINES,4220,1,2,f,f,f,f,t,f
HAINES,4310,2,2,f,f,f,f,t,f
HAINES,4311,2,2,f,f,f,f,t,f
HAINES,4312,2,2,f,f,f,f,t,f
HAINES,4313,2,2,f,f,f,f,t,f
HAINES,4314,1,2,f,f,f,f,t,f
HAINES,4315,2,2,f,f,f,f,t,f
HAINES,4316,2,2,f,f,f,f,t,f
HAINES,4317,1,2,f,f,f,f,t,t
HAINES,4318,1,2,f,f,f,f,t,f
HAINES,4319,2,2,f,f,f,f,t,f
HAINES,4320,1,2,f,f,f,f,t,f
HAINES,4321,2,2,f,f,f,f,t,f
HAINES,4322,2,2,f,f,f,f,t,f
HAINES,4323,1,2,f,f,f,f,t,f
JAMES,3010,2,2,f,f,f,f,t,f
JAMES,3011,2,2,f,f,f,f,t,f
JAMES,3013,2,2,f,f,f,f,t,f
JAMES,3014,2,2,f,f,f,f,t,f
JAMES,3110,3,2,t,f,t,f,t,f
JAMES,3111,2,2,f,f,f,f,t,f
JAMES,3112,1,2,f,f,f,f,t,t
JAMES,3113,2,2,f,f,f,f,t,f
JAMES,3114,2,2,f,f,f,f,t,f
JAMES,3115,2,2,f,f,f,f,t,f
JAMES,3116,2,2,f,f,f,f,t,f
JAMES,3210,2,2,f,f,f,f,t,f
JAMES,3211,2,2,f,f,f,f,t,f
JAMES,3212,2,2,f,f,f,f,t,f
JAMES,3213,2,2,f,f,f,f,t,f
JAMES,3214,2,2,f,f,f,f,t,f
JAMES,3215,2,2,f,f,f,f,t,f
JAMES,3216,2,2,f,f,f,f,t,f
JAMES,3217,2,2,f,f,f,f,t,f
JAMES,3218,2,2,f,f,f,f,t,f
JAMES,3219,2,2,f,f,f,f,t,f
JAMES,3220,1,2,f,f,f,f,t,t
JAMES,3310,1,2,f,f,f,f,t,t
JAMES,3311,2,2,f,f,f,f,t,f
JAMES,3312,2,2,f,f,f,f,t,f
JAMES,3314,2,2,f,f,f,f,t,f
JAMES,3315,2,2,f,f,f,f,t,f
JAMES,3316,2,2,f,f,f,f,t,f
JAMES,3317,2,2,f,f,f,f,t,f
JAMES,3318,2,2,f,f,f,f,t,f
JAMES,3319,2,2,f,f,f,f,t,f
JAMES,3320,1,2,f,f,f,f,t,f
LANGAN,2010,2,3,f,f,f,f,t,f
LANGAN,2011,1,3,f,f,f,f,t,f
LANGAN,2012,1,3,f,f,f,f,t,t
LANGAN,2013,1,3,f,f,f,f,t,f
LANGAN,2014,1,3,f,f,f,f,t,t
LANGAN,2015,2,3,f,f,f,f,t,f
LANGAN,2016,1,3,f,f,f,f,t,f
LANGAN,2017,1,3,f,f,f,f,t,f
LANGAN,2018,1,3,f,f,f,f,t,f
LANGAN,2019,1,3,f,f,f,f,t,f
LANGAN,2020,3,3,t,f,f,f,t,f
LANGAN,2110,1,2,f,f,f,f,t,f
LANGAN,2111,2,2,f,f,f,f,t,f
LANGAN,2112,2,2,f,f,f,f,t,f
LANGAN,2113,3,2,t,t,t,t,t,f
LANGAN,2209,2,2,f,f,f,f,t,f
LANGAN,2210,2,2,f,f,f,f,t,f
LANGAN,2211,3,2,t,f,f,f,t,f
LANGAN,2212,1,2,f,f,f,f,t,t
LANGAN,2213,1,2,f,f,f,f,t,f
LANGAN,2214,3,2,t,f,f,f,t,f
LANGAN,2215,2,2,f,f,f,f,t,f
LANGAN,2216,2,2,f,f,f,f,t,f
LANGAN,2217,1,2,f,f,f,f,t,f
LANGAN,2218,1,2,f,f,f,f,t,f
LANGAN,2219,1,2,f,f,f,f,t,f
LANGAN,2310,2,1,f,f,f,f,t,f
LANGAN,2311,2,1,f,f,f,f,t,f
LANGAN,2312,2,1,f,f,f,f,t,f
LANGAN,2313,1,1,f,f,f,f,t,f
LANGAN,2314,1,1,f,f,f,f,t,f
LANGAN,2315,2,1,f,f,f,f,t,f
LANGAN,2316,1,1,f,f,f,f,t,f
LANGAN,2317,1,1,f,f,f,f,t,f
LANGAN,2318,2,1,f,f,f,f,t,f
LANGAN,2319,2,1,f,f,f,f,t,f
LANGAN,2320,1,1,f,f,f,f,t,t
NORRIS,8117,1,2,f,f,f,f,t,f
NORRIS,8118,1,2,f,f,f,f,t,f
NORRIS,8119,1,2,f,f,f,f,t,f
NORRIS,8205,1,4,f,f,f,f,t,f
NORRIS,8206,2,4,f,f,f,f,t,f
NORRIS,8207,1,4,f,f,f,f,t,t
NORRIS,8208,2,4,f,f,f,f,t,f
NORRIS,8209,2,4,f,f,f,f,t,f
NORRIS,8210,2,4,f,f,f,f,t,f
NORRIS,8211,2,4,f,f,f,f,t,f
NORRIS,8212,2,4,f,f,f,f,t,f
NORRIS,8213,1,4,f,f,f,f,t,f
NORRIS,8214,1,4,f,f,f,f,t,f
NORRIS,8215,2,4,f,f,f,f,t,f
NORRIS,8216,2,4,f,f,f,f,t,f
NORRIS,8217,2,4,f,f,f,f,t,f
NORRIS,8218,2,4,f,f,f,f,t,f
NORRIS,8219,2,4,f,f,f,f,t,f
NORRIS,8220,1,4,f,f,f,f,t,t
NORRIS,8221,2,4,f,f,f,f,t,f
NORRIS,8222,1,4,f,f,f,f,t,f
NORRIS,8223,2,4,f,f,f,f,t,f
NORRIS,8224,2,4,f,f,f,f,t,f
NORRIS,8225,2,4,f,f,f,f,t,f
NORRIS,8226,2,4,f,f,f,f,t,f
NORRIS,8305,1,4,f,f,f,f,t,f
NORRIS,8306,2,4,f,f,f,f,t,f
NORRIS,8307,1,4,f,f,f,f,t,t
NORRIS,8308,2,4,f,f,f,f,t,f
NORRIS,8309,2,4,f,f,f,f,t,f
NORRIS,8310,2,4,f,f,f,f,t,f
NORRIS,8311,2,4,f,f,f,f,t,f
NORRIS,8312,2,4,f,f,f,f,t,f
NORRIS,8313,1,4,f,f,f,f,t,f
NORRIS,8314,1,4,f,f,f,f,t,f
NORRIS,8315,2,4,f,f,f,f,t,f
NORRIS,8316,2,4,f,f,f,f,t,f
NORRIS,8317,2,4,f,f,f,f,t,f
NORRIS,8318,2,4,f,f,f,f,t,f
NORRIS,8319,2,4,f,f,f,f,t,f
NORRIS,8320,1,4,f,f,f,f,t,t
NORRIS,8321,2,4,f,f,f,f,t,f
NORRIS,8322,1,4,f,f,f,f,t,f
NORRIS,8323,2,4,f,f,f,f,t,f
NORRIS,8324,2,4,f,f,f,f,t,f
NORRIS,8325,2,4,f,f,f,f,t,f
NORRIS,8326,2,4,f,f,f,f,t,f
NORRIS,8405,1,4,f,f,f,f,t,f
NORRIS,8406,2,4,f,f,f,f,t,f
NORRIS,8407,1,4,f,f,f,f,t,t
NORRIS,8408,2,4,f,f,f,f,t,f
NORRIS,8409,2,4,f,f,f,f,t,f
NORRIS,8410,2,4,f,f,f,f,t,f
NORRIS,8411,2,4,f,f,f,f,t,f
NORRIS,8412,2,4,f,f,f,f,t,f
NORRIS,8413,1,4,f,f,f,f,t,f
NORRIS,8414,1,4,f,f,f,f,t,f
NORRIS,8415,2,4,f,f,f,f,t,f
NORRIS,8416,2,4,f,f,f,f,t,f
NORRIS,8417,2,4,f,f,f,f,t,f
NORRIS,8418,2,4,f,f,f,f,t,f
NORRIS,8419,2,4,f,f,f,f,t,f
NORRIS,8420,1,4,f,f,f,f,t,t
NORRIS,8421,2,4,f,f,f,f,t,f
NORRIS,8422,1,4,f,f,f,f,t,f
NORRIS,8423,2,4,f,f,f,f,t,f
NORRIS,8424,2,4,f,f,f,f,t,f
NORRIS,8425,2,4,f,f,f,f,t,f
NORRIS,8426,2,4,f,f,f,f,t,f
RAWSON,3010,1,1,f,f,f,f,t,f
RAWSON,3011,1,1,f,f,f,f,t,f
RAWSON,3012,1,1,f,f,f,f,t,f
RAWSON,3013,2,1,f,f,f,f,t,f
RAWSON,3014,2,1,f,f,f,f,t,f
RAWSON,3110,1,1,f,f,f,f,t,f
RAWSON,3111,1,1,f,f,f,f,t,t
RAWSON,3112,1,1,f,f,f,f,t,f
RAWSON,3113,1,1,f,f,f,f,t,f
RAWSON,3114,1,1,f,f,f,f,t,f
RAWSON,3210,1,2,f,f,f,f,t,t
RAWSON,3211,1,2,f,f,f,f,t,f
RAWSON,3212,3,2,t,f,f,f,t,f
RAWSON,3213,3,2,t,f,f,f,t,f
RAWSON,3214,1,2,f,f,f,f,t,f
RAWSON,3215,1,2,f,f,f,f,t,f
RAWSON,3216,1,2,f,f,f,f,t,f
RAWSON,3217,3,2,t,f,f,f,t,f
RAWSON,3310,2,1,f,f,f,f,t,f
RAWSON,3311,1,1,f,f,f,f,t,f
RAWSON,3312,1,1,f,f,f,f,t,f
RAWSON,3313,2,1,f,f,f,f,t,f
RAWSON,3314,2,1,f,f,f,f,t,f
RAWSON,3315,1,1,f,f,f,f,t,f
RAWSON,3316,1,1,f,f,f,f,t,f
READ,5011,2,2,f,f,f,f,t,f
READ,5012,2,2,f,f,f,f,t,f
READ,5013,2,2,f,f,f,f,t,f
READ,5014,1,2,f,f,f,f,t,f
READ,5016,1,2,f,f,f,f,t,f
READ,5017,2,2,f,f,f,f,t,f
READ,5018,2,2,f,f,f,f,t,f
READ,5019,2,2,f,f,f,f,t,f
READ,5110,4,2,t,f,t,f,t,f
READ,5111,3,2,t,f,f,f,t,f
READ,5112,3,2,t,f,f,f,t,f
READ,5113,1,2,f,f,f,f,t,f
READ,5114,1,2,f,f,f,f,t,f
READ,5115,1,2,f,f,f,f,t,t
READ,5116,1,2,f,f,f,f,t,f
READ,5117,1,2,f,f,f,f,t,f
READ,5118,3,2,t,f,f,f,t,f
READ,5119,1,2,f,f,f,f,t,f
READ,5210,2,2,t,f,f,f,t,f
READ,5211,2,2,f,f,f,f,t,f
READ,5212,3,2,t,f,f,f,t,f
READ,5213,3,2,t,f,f,f,t,f
READ,5214,2,2,f,f,f,f,t,f
READ,5215,1,2,f,f,f,f,t,f
READ,5216,1,2,f,f,f,f,t,t
READ,5217,1,2,f,f,f,f,t,f
READ,5218,1,2,f,f,f,f,t,f
READ,5219,3,2,t,f,f,f,t,f
READ,5220,3,2,t,f,f,f,t,f
READ,5221,2,2,f,f,f,f,t,f
READ,5222,1,2,f,f,f,f,t,f
READ,5223,1,2,f,f,f,f,t,f
READ,5310,2,2,f,f,f,f,t,f
READ,5311,1,2,f,f,f,f,t,f
READ,5312,2,2,f,f,f,f,t,f
READ,5313,3,2,t,f,f,f,t,f
READ,5314,1,2,f,f,f,f,t,f
READ,5315,1,2,f,f,f,f,t,f
READ,5316,1,2,f,f,f,f,t,t
READ,5317,1,2,f,f,f,f,t,f
READ,5318,2,2,f,f,f,f,t,f
READ,5319,1,2,f,f,f,f,t,f
READ,5320,1,2,f,f,f,f,t,f
READ,5321,2,2,f,f,f,f,t,f
READ,5322,1,2,f,f,f,f,t,f
READ,5323,2,2,f,f,f,f,t,f
SMITH,1010,1,1,f,f,f,f,t,f
SMITH,1011,2,1,f,f,f,f,t,f
SMITH,1012,1,1,f,f,f,f,t,f
SMITH,1014,2,1,f,f,f,f,t,f
SMITH,1015,1,1,f,f,f,f,t,f
SMITH,1110,2,1,t,f,t,f,t,f
SMITH,1111,2,1,f,f,f,f,t,f
SMITH,1112,2,1,f,f,f,f,t,f
SMITH,1113,2,1,f,f,f,f,t,f
SMITH,1114,2,1,f,f,f,f,t,f
SMITH,1115,2,1,f,f,f,f,t,f
SMITH,1116,1,1,f,f,f,f,t,t
SMITH,1210,1,2,f,f,f,f,t,f
SMITH,1211,3,2,t,f,f,f,t,f
SMITH,1212,3,2,t,f,f,f,t,f
SMITH,1213,1,2,f,f,f,f,t,f
SMITH,1214,1,2,f,f,f,f,t,f
SMITH,1215,1,2,f,f,f,f,t,f
SMITH,1216,1,2,f,f,f,f,t,f
SMITH,1217,3,2,t,f,f,f,t,f
SMITH,1218,2,2,f,f,f,f,t,f
SMITH,1219,1,2,f,f,f,f,t,f
SMITH,1220,1,2,f,f,f,f,t,f
SMITH,1310,1,2,f,f,f,f,t,f
SMITH,1311,3,2,t,f,f,f,t,f
SMITH,1312,1,2,f,f,f,f,t,f
SMITH,1313,1,2,f,f,f,f,t,t
SMITH,1314,2,2,f,f,f,f,t,f
SMITH,1315,2,2,f,f,f,f,t,f
SMITH,1316,2,2,f,f,f,f,t,f
SMITH,1317,2,2,f,f,f,f,t,f
YOUNKER,9007,3,3,f,f,f,f,t,f
YOUNKER,9008,3,3,f,f,f,f,t,f
YOUNKER,9009,2,3,f,f,f,f,t,f
YOUNKER,9010,1,3,f,f,f,f,t,f
YOUNKER,9011,2,3,f,f,f,f,t,f
YOUNKER,9012,1,3,f,f,f,f,t,f
YOUNKER,9013,2,3,f,f,f,f,t,f
YOUNKER,9014,2,3,f,f,f,f,t,f
YOUNKER,9015,1,3,f,f,f,f,t,f
YOUNKER,9016,1,3,f,f,f,f,t,f
YOUNKER,9017,1,3,f,f,f,f,t,f
YOUNKER,9018,1,3,f,f,f,f,t,f
YOUNKER,9019,1,3,f,f,f,f,t,t
YOUNKER,9023,1,3,f,f,f,f,t,f
YOUNKER,9024,2,3,f,f,f,f,t,f
YOUNKER,9025,2,3,f,f,f,f,t,f
YOUNKER,9110,2,4,f,f,f,f,f,f
YOUNKER,9111,2,4,f,f,f,f,t,f
YOUNKER,9112,2,4,f,f,f,f,t,f
YOUNKER,9113,1,4,f,f,f,f,t,f
YOUNKER,9115,1,4,f,f,f,f,t,f
YOUNKER,9116,1,4,f,f,f,f,t,t
YOUNKER,9117,2,4,f,f,f,f,t,f
YOUNKER,9118,2,4,f,f,f,f,t,f
YOUNKER,9119,2,4,f,f,f,f,t,f
YOUNKER,9210,2,4,f,f,f,f,t,f
YOUNKER,9211,2,4,f,f,f,f,t,f
YOUNKER,9212,1,4,f,f,f,f,t,f
YOUNKER,9213,1,4,f,f,f,f,t,f
YOUNKER,9214,2,4,f,f,f,f,t,f
YOUNKER,9215,2,4,f,f,f,f,t,f
YOUNKER,9216,2,4,f,f,f,f,t,f
YOUNKER,9217,1,4,f,f,f,f,t,f
YOUNKER,9218,2,4,f,f,f,f,t,f
YOUNKER,9219,2,4,f,f,f,f,t,f
YOUNKER,9220,1,4,f,f,f,f,t,f
YOUNKER,9221,1,4,f,f,f,f,t,f
YOUNKER,9222,1,4,f,f,f,f,t,f
YOUNKER,9223,1,4,f,f,f,f,t,f
YOUNKER,9224,1,4,f,f,f,f,t,f
YOUNKER,9225,1,4,f,f,f,f,t,t
YOUNKER,9226,2,4,f,f,f,f,t,f
YOUNKER,9227,2,4,f,f,f,f,t,f
YOUNKER,9230,1,4,f,f,f,f,t,f
YOUNKER,9231,1,4,f,f,f,f,t,f
YOUNKER,9232,2,4,f,f,f,f,t,f
YOUNKER,9233,2,4,f,f,f,f,t,f
YOUNKER,9234,2,4,f,f,f,f,t,f
YOUNKER,9235,2,4,f,f,f,f,t,f
YOUNKER,9310,2,4,f,f,f,f,t,f
YOUNKER,9311,1,4,f,f,f,f,t,f
YOUNKER,9312,1,4,f,f,f,f,t,f
YOUNKER,9313,2,4,f,f,f,f,t,f
YOUNKER,9314,1,4,f,f,f,f,t,f
YOUNKER,9315,1,4,f,f,f,f,t,f
YOUNKER,9316,1,4,f,f,f,f,t,f
YOUNKER,9317,2,4,f,f,f,f,t,f
YOUNKER,9318,2,4,f,f,f,f,t,f
YOUNKER,9319,1,4,f,f,f,f,t,f
YOUNKER,9320,1,4,f,f,f,f,t,t
YOUNKER,9321,1,4,f,f,f,f,t,f
YOUNKER,9322,2,4,f,f,f,f,t,f
YOUNKER,9323,2,4,f,f,f,f,t,f
YOUNKER,9326,2,4,f,f,f,f,t,f
YOUNKER,9327,2,4,f,f,f,f,t,f
YOUNKER,9328,1,4,f,f,f,f,t,f
YOUNKER,9329,1,4,f,f,f,f,t,f
YOUNKER,9330,2,4,f,f,f,f,t,f
YOUNKER,9331,1,4,f,f,f,f,t,f
YOUNKER,9332,2,4,f,f,f,f,t,f
YOUNKER,9333,2,4,f,f,f,f,t,f
RENFROW,1210,4,0,t,t,t,t,t,f
RENFROW,1220,4,0,t,t,t,t,t,f
RENFROW,1230,4,0,t,t,t,t,t,f
RENFROW,3210,4,0,t,t,t,t,t,f
RENFROW,3220,3,0,t,t,t,t,t,f
RENFROW,3230,3,0,t,t,t,t,t,f
RENFROW,3240,3,0,t,t,t,t,t,f
RENFROW,3250,4,0,t,t,t,t,t,f
RENFROW,2210,4,0,t,t,t,t,t,f
RENFROW,2220,4,0,t,t,t,t,t,f
RENFROW,1310,4,0,t,t,t,t,t,f
RENFROW,1320,4,0,t,t,t,t,t,f
RENFROW,1330,4,0,t,t,t,t,t,f
RENFROW,1340,4,0,t,t,t,t,t,f
RENFROW,2310,4,0,t,t,t,t,t,f
RENFROW,2320,4,0,t,t,t,t,t,f
RENFROW,2330,4,0,t,t,t,t,t,f
RENFROW,2340,4,0,t,t,t,t,t,f
RENFROW,1410,4,0,t,t,t,t,t,f
RENFROW,1420,4,0,t,t,t,t,t,f
RENFROW,1430,4,0,t,t,t,t,t,f
RENFROW,1440,4,0,t,t,t,t,t,f
RENFROW,2410,4,0,t,t,t,t,t,f
RENFROW,2420,4,0,t,t,t,t,t,f
RENFROW,2430,4,0,t,t,t,t,t,f
RENFROW,2440,4,0,t,t,t,t,t,f